ARR_-	ARR_2.1_HQ141279	ARR_3.1_JF806499	ARR_3.4_FM207631	ARR_6.3_JF922883
ARR_4	ARR_4.1_EF660562
ARR_5	ARR_5.1_EF660563
ARR_6	ARR_6.1_FM955585	ARR_6.2_FM897214
ARR_7	ARR_7.1_FN397623
QnrA-	QnrA1.1_AY070235	QnrA2.1_HQ449669	QnrA3.1_DQ058661	QnrA4.1_DQ058662	QnrA5.1_DQ058663	QnrA6.1_DQ151889	QnrA7.1_GQ463707
QnrAS	QnrAS.1_FM178379
QnrB-	QnrB1.1_EF682133	QnrB10.1_DQ631414	QnrB10.8_HM439644	QnrB11.1_EU136183	QnrB13.1_EU273755	QnrB13.1_JN173050	QnrB13.2_EU273756	QnrB14.1_EU273757	QnrB15.1_EU302865	QnrB17.1_JN173051	QnrB17.2_AM919398	QnrB18.1_AM919399	QnrB19.1_HM146784	QnrB2.1_HM125698	QnrB20.1_AB379831	QnrB23.1_FJ981622	QnrB24.1_HM192542	QnrB29.1_HM439649	QnrB29.2_JN173053	QnrB3.1_DQ303920	QnrB30.1_HM439650	QnrB31.1_HQ418999	QnrB32.2_JN173054	QnrB36.1_JN173058	QnrB42.1_JN680743	QnrB48.1_JQ762640	QnrB49.1_JQ582718	QnrB5.1_DQ303919	QnrB50.1_JX440357	QnrB51.1_JX440358	QnrB52.1_EF488762	QnrB54.1_HE820727	QnrB56.1_JX259317	QnrB57.1_JX259318	QnrB58.1_JX259319	QnrB59.1_JX259320	QnrB6.1_EF520349	QnrB6.3_EF523819	QnrB61.1_AB734053	QnrB62.1_JX987101	QnrB64.1_KC580653	QnrB66.1_KC580655	QnrB67.1_KC580656	QnrB68.1_KC580657	QnrB7.1_EU043311	QnrB70.1_KC580659	QnrB71.1_KC580660	QnrB72.1_KC741443
QnrB-_1	QnrB12.2_AM774474	QnrB22.1_FJ981621	QnrB34.1_JN173056	QnrB37.1_JN173059	QnrB4.1_DQ303921	QnrB65.1_KC580654	QnrB69.1_KC580658	QnrB9.1_EF653270
QnrB-_2	QnrB21.1_FJ611948	QnrB25.1_HQ172108	QnrB27.1_HM439641	QnrB27.2_HM439642	QnrB28.1_HM439643	QnrB33.1_JN173055	QnrB35.1_JN173057	QnrB38.1_JN173060	QnrB60.1_AB734055	QnrB8.1_EU043312
QnrB53	QnrB53.1_HQ704413
QnrC	QnrC.1_EU917444
QnrD	QnrD.1_FJ228229
QnrS-	QnrS1.1_AB187515	QnrS4.1_FJ418153	QnrS5.1_HQ631377
QnrS-_1	QnrS2.1_JF261185	QnrS6.1_HQ631376
QnrVC-	QnrVC1.1_EU436855.2	QnrVC3.1_HM015626
QnrVC-_1	QnrVC4.1_GQ891757	QnrVC5.1_JN408080	QnrVC7.1_KM555152
Van-	VanA.1_FJ866609	VanA.2_M97297	VanH_A_Bc_.7_Y15704	VanPt.3_DQ018710	VanPt2.4_AY926880
VanA_B	VanA_B.1_AF192329
VanAo2	VanAo2.6_HQ679900
VanC	VanC.3_EU151752	VanC.4_EU151753	VanC.5_EU151754
VanC_1	VanC.1_AF162694	VanC.2_DQ022190
VanD	VanD.1_AB242319	VanD.3_AY082011	VanD.4_AY489045
VanD_1	VanD.2_AF175293
VanE	VanE.1_AF155139
VanG	VanG.1_AY271782
VanH_-	VanH_A.1_FJ866609	VanH_Pt.3_DQ018710	VanH_Pt2.4_AY926880
VanH_Ac1	VanH_Ac1.6_DQ246438
VanH_Ao-	VanH_Ao1.8_AF060799	VanH_Ao2.9_HQ679900
VanH_B	VanH_B.1_AF192329
VanH_D	VanH_D.1_AB242319	VanH_D.3_AY082011
VanH_D_1	VanH_D.2_AF175293	VanH_D.4_AY489045
VanH_E	VanH_E.1_AF155139
VanH_M	VanH_M.1_FJ349556
VanH_Pt	VanH_Pt.5_DQ018711
VanH_Sc	VanH_Sc.1_AL939117
VanL	VanL.1_EU250284
VanM	VanM.1_FJ349556
VanN	VanN.1_JF802084
VanPt	VanPt.5_DQ018711
VanR_-	VanR_A.1_FJ866609	VanR_Pt.3_DQ018710	VanR_Pt.5_DQ018711	VanR_Pt2.4_AY926880
VanR_B	VanR_B.1_AF192329
VanR_C	VanR_C.1_AF162694
VanR_C_1	VanR_C.3_EU151752	VanR_C.4_EU151753
VanR_D	VanR_D.1_AB242319	VanR_D.2_AF175293	VanR_D.4_AY489045
VanR_F	VanR_F.1_AF155139
VanR_G	VanR_G.1_AY271782
VanR_L	VanR_L.1_EU250284
VanR_M	VanR_M.1_FJ349556
VanR_N	VanR_N.1_JF802084
VanS_-	VanS_A.2_M97297	VanS_Pt.3_DQ018710	VanS_Pt.5_DQ018711	VanS_Pt2.4_AY926880
VanS_B	VanS_B.1_AF192329
VanS_C	VanS_C.1_AF162694	VanS_C.2_DQ022190
VanS_C_1	VanS_C.3_EU151752	VanS_C.4_EU151753
VanS_D	VanS_D.1_AB242319	VanS_D.2_AF175293	VanS_D.3_AY489045
VanS_F	VanS_F.1_AF155139
VanS_G	VanS_G.1_AY271782
VanS_L	VanS_L.1_EU250284
VanS_M	VanS_M.1_FJ349556
VanS_N	VanS_N.1_JF802084
VanT_C	VanT_C.2_EU151752	VanT_C.3_EU151753
VanT_C_1	VanT_C.1_AF162694	VanT_C.1_DQ022190
VanT_G	VanT_G.1_AY271782
VanT_N	VanT_N.1_JF802084
VanTm_L	VanTm_L.1_EU250284
VanTr_L	VanTr_L.1_EU250284
VanU_G	VanU_G.1_AY271782
VanW_B	VanW_B.1_AF192329
VanW_G	VanW_G.1_AY271782
VanW_Pt	VanW_Pt.2_DQ018711
VanXY_C	VanXY_C.1_AF162694
VanXY_C_1	VanXY_C.3_EU151752	VanXY_C.4_EU151753	VanXY_C.5_EU151754
VanXY_G	VanXY_G.1_AY271782
VanXY_L	VanXY_L.1_EU250284
VanXY_N	VanXY_N.1_JF802084
VanX_-	VanX_A.1_FJ866609	VanX_Pt.3_DQ018710	VanX_Pt2.4_AY926880
VanX_Ac1	VanX_Ac1.6_DQ246438
VanX_Ao-	VanX_Ao1.8_AF060799	VanX_Ao2.9_HQ679900
VanX_B	VanX_B.1_AF192329
VanX_D	VanX_D.1_AB242319
VanX_D_1	VanX_D.2_AF175293	VanX_D.4_AY489045
VanX_E	VanX_E.1_AF155139
VanX_M	VanX_M.1_FJ349556
VanX_Pt	VanX_Pt.5_DQ018711
VanX_Sc	VanX_Sc.1_AL939117
VanY_A	VanY_A.1_FJ866609	VanY_A.2_M97297
VanY_B	VanY_B.1_AF192329
VanY_D	VanY_D.2_AF175293
VanY_D_1	VanY_D.1_AB242319	VanY_D.3_AY082011	VanY_D.4_AY489045
VanY_F	VanY_F.1_AF155139
VanY_G	VanY_G.1_DQ212986
VanY_M	VanY_M.1_FJ349556
VanY_Pt-	VanY_Pt.3_DQ018710	VanY_Pt.5_DQ018711	VanY_Pt2.4_AY926880
VanZ_A	VanZ_A.1_FJ866609
VanZ_F	VanZ_F.1_AF155139
VanZ_Pt	VanZ_Pt.4_DQ018711
aac	aac.1_AJ628983
aacA29	aacA29.1_AY139599
aacA43	aacA43.1_HQ247816
aac_2___Ia	aac_2___Ia.1_L06156
aac_2___Ib	aac_2___Ib.1_U41471
aac_2___Ic	aac_2___Ic.1_U72714
aac_2___Id	aac_2___Id.1_U72743
aac_2___Ie	aac_2___Ie.1_NC_011896
aac_3__I-	aac_3__I.1_AJ877225	aac_3__Ia.1_X15852
aac_3__II-	aac_3__IIa.1_X51534	aac_3__IIc.1_X54723	aac_3__IId.1_EU022314	aac_3__IIe.1_EU022315
aac_3__IIIa	aac_3__IIIa.1_X55652
aac_3__IIIb	aac_3__IIIb.1_L06160
aac_3__IIIc	aac_3__IIIc.1_L06161
aac_3__IIb	aac_3__IIb.1_M97172
aac_3__IVa	aac_3__IVa.1_X01385
aac_3__IXa	aac_3__IXa.1_M55427
aac_3__Ib	aac_3__Ib.1_L06157
aac_3__Ib_aac_6___Ib	aac_3__Ib_aac_6___Ib.1_AF355189
aac_3__Ic	aac_3__Ic.1_AJ511268
aac_3__Id	aac_3__Id.1_AB114632
aac_3__If	aac_3__If.1_AY884051
aac_3__Ig	aac_3__Ig.1_CP000282
aac_3__Ih	aac_3__Ih.1_CP000490
aac_3__Ii	aac_3__Ii.1_CP000356
aac_3__VIIIa	aac_3__VIIIa.1_M55426
aac_3__VIIa	aac_3__VIIa.1_M22999
aac_3__VIa	aac_3__VIa.1_M88012
aac_3__Xa	aac_3__Xa.1_AB028210
aac_6__	aac_6__.3_EU912537
aac_6__Ib_cr+	aacA4.1_KM278199	aac_6__Ib_cr.1_DQ303918	aac_6__Ib_cr.1_DQ303918_2	aac_6__Ib_cr.2_EF636461	aac_6__Ib_cr.2_EF636461_2	aac_6__Ib_cr.3_EF210035	aac_6__Ib_cr.3_EF210035_2	aac_6___Ib.1_M21682	aadA11.1_AY144590	aadA6.1_AF140629	ant_3____Ih_aac_6___IId.1_AF453998
aac_6___-	aac_6___33.1_GQ337064	aac_6___I30.1_AY289608
aac_6___1	aac_6__.1_AY553333
aac_6___2	aac_6__.2_DQ302723
aac_6___31	aac_6___31.1_AJ640197
aac_6___32	aac_6___32.1_EF614235
aac_6___I-	aac_6___Iaf.1_AB462903	aac_6___Il.1_Z54241	aac_6___Iq.1_AF047556
aac_6___I-_1	aac_6___Ih.1_L29044	aac_6___It.1_AF031328	aac_6___Iv.1_AF031330
aac_6___I-_2	aac_6___Is.1_AF031327	aac_6___Iu.1_AF031329
aac_6___IIa	aac_6___IIa.1_M29695
aac_6___IIb	aac_6___IIb.1_L06163
aac_6___IIc	aac_6___IIc.1_AF162771
aac_6___Ia	aac_6___Ia.1_M18967
aac_6___Iad	aac_6___Iad.1_AB119105
aac_6___Iae	aac_6___Iae.1_AB104852
aac_6___Iai	aac_6___Iai.1_EU886977
aac_6___Ic	aac_6___Ic.1_M94066
aac_6___Id	aac_6___Id.1_X12618
aac_6___If	aac_6___If.1_X55353
aac_6___Ig	aac_6___Ig.1_L09246
aac_6___Ij	aac_6___Ij.1_L29045
aac_6___Ik	aac_6___Ik.1_L29510
aac_6___Im	aac_6___Im.1_AF337947
aac_6___Ir	aac_6___Ir.1_AF031326
aac_6___Isa	aac_6___Isa.1_AB116646
aac_6___Iw	aac_6___Iw.1_AF031331
aac_6___Iz	aac_6___Iz.1_AF140221
aac_6___aph_2___	aac_6___aph_2___.1_KF652095
aac_6___aph_2____1	aac_6___aph_2___.1_M13771
aadA-	aadA1.1_X02340	aadA1.2_FJ591054	aadA1.2_JN815078	aadA1.3_JQ414041	aadA1.4_M95287	aadA1.5_JQ480156	aadA1.5_JX185132	aadA12.1_AY665771	aadA15.1_DQ393783	aadA17.1_FJ460181	aadA21.1_AY171244	aadA22.1_AM261837	aadA23.1_AJ809407	aadA24.1_AM711129	aadA8.1_AF326210	aadA8b.1_AM040708
aadA-_1	aadA2.1_X68227	aadA2.2_JQ364967	aadA3.1_AF047479
aadA-_2	aadA4.1_Z50802	aadA5.1_AF137361
aadA10	aadA10.1_U37105
aadA13	aadA13.1_AY713504
aadA14	aadA14.1_AJ884726
aadA16	aadA16.1_EU675686
aadA7	aadA7.1_AF224733
aadA9	aadA9.1_AJ420072
aadB	aadB.1_JN119852
aadD	aadD.1_AF181950
aadE	aadE.1_KF864551
aadE_1	aadE.1_KF421157
aadK	aadK.1_M26879
amp-	ampH.1_AJ276031	ampH.2_HQ586946	ampS.1_X80276
ant_4___IIa	ant_4___IIa.1_M98270
ant_4___IIb	ant_4___IIb.1_AY114142
ant_4___Ib	ant_4___Ib.1_AJ506108
ant_6__Ia	ant_6__Ia.1_AF330699
ant_6__Ib	ant_6__Ib.1_FN594949
aph_2____I-	aph_2____Id.1_AF016483	aph_2____Ie.1_AY743255
aph_2____Ib	aph_2____Ib.1_AF337947	aph_2____Ib.1_KF652098
aph_2____Ic	aph_2____Ic.1_U51479
aph_2____If	aph_2____If.1_KF652097
aph_2____Ih	aph_2____Ih.1_KF652096
aph_3___I-	aph_3___Ia.1_V00359	aph_3___Ic.1_X62115
aph_3___III	aph_3___III.1_M26832
aph_3___IIa	aph_3___IIa.1_X57709
aph_3___IIb	aph_3___IIb.1_X90856
aph_3___IIc+	aph_3___IIc.1_AM743169	sph.1_HQ424461
aph_3___IV	aph_3___IV.1_X03364
aph_3___Ib	aph_3___Ib.1_M20305
aph_3___Id	aph_3___Id.1_Z48231
aph_3___VI-	aph_3___VIa.1_X07753	aph_3___VIb.1_AJ627643
aph_3___VIII	aph_3___VIII.1_AF182845
aph_3___VIIa	aph_3___VIIa.1_M29953
aph_3___Va	aph_3___Va.1_K00432
aph_3___Vb	aph_3___Vb.1_M22126
aph_3___Vc	aph_3___Vc.1_S81599
aph_3___XV	aph_3___XV.1_Y18050
aph_3____Ia	aph_3____Ia.1_M16482
aph_3____Ic	aph_3____Ic.1_DQ336355
aph_4__Ia	aph_4__Ia.1_V01499
aph_4__Ib	aph_4__Ib.1_X03615
aph_6__Ia	aph_6__Ia.1_AY971801
aph_6__Ib	aph_6__Ib.1_X05648
aph_6__Ic	aph_6__Ic.1_X01702
aph_9__Ia	aph_9__Ia.1_U94857
aph_9__Ib	aph_9__Ib.1_U70376
armA	armA.1_AY220558
bla-	blaDHA_1.1_Y16410	blaDHA_2.1_AF259520	blaDHA_3.1_AY494945	blaDHA_5.1_JF273491	blaDHA_6.1_HQ322612	blaDHA_7.1_HQ456945	blaMOR.1_Y10283	blaMOR_2.1_AY235804
bla-_1	blaCKO_1.1_AF477396	blaMAL_1.1_AJ277209	blaMAL_1.2_AJ609506
bla-_2	blaFONA_1.1_AJ251239	blaFONA_2.1_AJ251240	blaFONA_3.1_AJ251241	blaFONA_4.1_AJ251242	blaFONA_5.1_AJ251243	blaFONA_6.1_AJ251244	blaSFO_1.1_AB003148
bla-_3	blaIMI_1.1_U50278	blaIMI_2.1_DQ173429	blaIMI_3.1_GU015024	blaNMC_A.1_AJ536087
bla-_4	blaLEN1.1_X04515	blaLEN15.1_AF452105	blaLEN16.1_AY743416	blaLEN17.1_EF205593	blaLEN18.1_AM850908	blaLEN19.1_AM850909	blaLEN2.1_AY037780	blaLEN20.1_AM850910	blaLEN21.1_AM850911	blaLEN22.1_AM850912	blaLEN23.1_AM850913	blaLEN24.1_AM850914	blaLEN25.1_HQ709169	blaLEN26.1_JQ067123	blaLEN5.1_AY633109	blaSHV_1.11_EF035565	blaSHV_1.12_AY787643	blaSHV_1.14_HM751099	blaSHV_1.17_FJ668799	blaSHV_1.18_FJ668818	blaSHV_1.1_DQ166783	blaSHV_1.2_X98100	blaSHV_1.3_X98098	blaSHV_1.5_GQ407119	blaSHV_1.6_GU083599	blaSHV_1.7_GU083598	blaSHV_1.8_GQ407137	blaSHV_1.9_HM751102	blaSHV_101.1_EU155018	blaSHV_102.2_EU024485	blaSHV_103.1_EU032604	blaSHV_104.1_EU274581	blaSHV_105.1_FJ194944	blaSHV_108.1_AM922309	blaSHV_109.1_EU418913	blaSHV_11.11_GU064392	blaSHV_11.12_GU211012	blaSHV_11.1_AY528717	blaSHV_11.4_EF035558	blaSHV_11.5_GQ407117	blaSHV_11.7_GQ407109	blaSHV_11.9_FJ483937	blaSHV_12.1_AF462395	blaSHV_12.2_AY273807	blaSHV_12.3_FJ668805	blaSHV_120.1_JF812965	blaSHV_121.1_GQ428198	blaSHV_128.1_GU932590	blaSHV_129.1_GU827715	blaSHV_129.2_HM125687	blaSHV_13.1_AF164577	blaSHV_132.1_GU981741	blaSHV_133.1_AB551737	blaSHV_134.1_HM559945	blaSHV_135.1_HQ637576	blaSHV_14.1_AF226622	blaSHV_141.1_JQ388884	blaSHV_142.1_JQ029959	blaSHV_143.1_JQ341060	blaSHV_144.1_JQ926986	blaSHV_145.1_JX013655	blaSHV_15.1_AJ011428	blaSHV_157.1_JX121124	blaSHV_160.1_JX121127	blaSHV_161.1_JX121128	blaSHV_164.1_HE981194	blaSHV_168.1_JX870080	blaSHV_172.1_KF513177	blaSHV_178.1_KF705209	blaSHV_179.1_KF705208	blaSHV_18.1_AF132290	blaSHV_2.1_GQ407116	blaSHV_2.2_AF282921	blaSHV_2.4_GU064394	blaSHV_24.1_AB023477	blaSHV_25.1_GU064391	blaSHV_26.1_AF227204	blaSHV_29.1_AF301532	blaSHV_2a.13_X98102	blaSHV_30.1_AY661885	blaSHV_31.1_GU064396	blaSHV_31.2_AY277255	blaSHV_33.1_AY037779	blaSHV_34.1_AY036620	blaSHV_35.1_AY070258	blaSHV_36.1_AY677211	blaSHV_36.2_AF467947	blaSHV_37.1_AF467948	blaSHV_38.1_EU979559	blaSHV_40.1_AF535128	blaSHV_41.1_AF535129	blaSHV_42.1_EF035559	blaSHV_44.1_AY259119	blaSHV_46.1_AY210887	blaSHV_48.1_AY263404	blaSHV_49.1_AY528718	blaSHV_5.1_AF096930	blaSHV_5.2_AF462394	blaSHV_5.4_AY386369	blaSHV_5.6_EF653399	blaSHV_5.7_AY570962	blaSHV_5.8_AY502004	blaSHV_5.9_AY502000	blaSHV_50.1_AY288915	blaSHV_52.1_HQ845196	blaSHV_56.1_EU586041	blaSHV_56.2_AY352599	blaSHV_57.1_AY223863	blaSHV_59.1_AY790341	blaSHV_60.1_AB302939	blaSHV_61.1_AJ866284	blaSHV_62.1_AJ866285	blaSHV_62.2_GU064395	blaSHV_63.1_EU342351	blaSHV_64.1_DQ174304	blaSHV_65.1_DQ174305	blaSHV_66.1_DQ174306	blaSHV_69.1_DQ174308	blaSHV_7.1_U20270	blaSHV_70.1_DQ013287	blaSHV_71.2_DQ296194	blaSHV_72.1_AM176547	blaSHV_73.1_AM176548	blaSHV_76.1_AM176551	blaSHV_77.1_EF373975	blaSHV_78.1_AM176553	blaSHV_79.1_AM176554	blaSHV_8.1_ECU92041	blaSHV_80.1_AM176555	blaSHV_82.1_AM176557	blaSHV_85.1_DQ322460	blaSHV_86.1_DQ328802	blaSHV_89.1_DQ193536	blaSHV_92.1_DQ836922	blaSHV_94.1_EF373970	blaSHV_95.1_EF373972	blaSHV_96.1_EF373971	blaSHV_97.1_EF373973	blaSHV_98.1_AM941844
bla-_5	blaLCR_1.1_X56809	blaNPS.1_AY027589
bla-_6	blaBIL_1.1_X74512	blaCMY_104.1_KF150216	blaCMY_110.1_AB872957	blaCMY_13.1_AY339625	blaCMY_14.1_EU600193	blaCMY_14.2_AJ555825	blaCMY_15.1_AJ555823	blaCMY_16.1_FM995219	blaCMY_16.2_FJ855437	blaCMY_17.1_AY513266	blaCMY_18.1_AY743434	blaCMY_2.1_X91840	blaCMY_20.1_AY960293	blaCMY_21.1_DQ139328	blaCMY_22.1_DQ256079	blaCMY_23.1_DQ438952	blaCMY_24.1_EF415650	blaCMY_25.1_EU515249	blaCMY_26.1_AB300358	blaCMY_27.1_EU515250	blaCMY_28.1_EF561644	blaCMY_31.1_EU331425	blaCMY_32.1_EU496815	blaCMY_33.1_EU496816	blaCMY_34.1_EF394370	blaCMY_35.1_EF394371	blaCMY_36.1_EU331426	blaCMY_37.1_AB280919	blaCMY_38.1_AM931008	blaCMY_39.1_HM565135	blaCMY_4.1_AF420597	blaCMY_40.1_EU515251	blaCMY_41.1_AB429270	blaCMY_42.1_HM146927	blaCMY_43.1_HQ267530	blaCMY_44.1_FJ437066	blaCMY_45.1_FN546177	blaCMY_46.1_FN556186	blaCMY_47.1_HM046998	blaCMY_48.1_HM569226	blaCMY_49.1_GQ402541	blaCMY_5.1_Y17716	blaCMY_51.1_JQ733571	blaCMY_53.1_HQ336940	blaCMY_54.1_HM544039	blaCMY_55.1_HM544040	blaCMY_56.1_HQ322613	blaCMY_57.1_HQ285243	blaCMY_58.1_HQ185697	blaCMY_59.2_AB587082	blaCMY_6.1_AJ011293	blaCMY_60.1_HQ267531	blaCMY_61.1_JF460795	blaCMY_62.1_JF460796	blaCMY_63.1_HQ650104	blaCMY_64.1_HQ832678	blaCMY_65.1_JF780936	blaCMY_66.1_JN714478	blaCMY_67.1_JQ711185	blaCMY_68.1_JN714480	blaCMY_69.1_JX049132	blaCMY_7.1_AY324388	blaCMY_70.1_JX440350	blaCMY_71.1_JQ711184	blaCMY_72.1_JX440352	blaCMY_73.1_GQ351345	blaCMY_74.1_JX440349	blaCMY_75.1_JQ733572	blaCMY_76.1_JQ733573	blaCMY_77.1_JX440353	blaCMY_78.1_JQ733575	blaCMY_79.1_JQ733576	blaCMY_80.1_JQ733577	blaCMY_81.1_JQ733578	blaCMY_83.1_JX440351	blaCMY_84.1_JQ733579	blaCMY_94.1_JX514368	blaCMY_95.1_JX514369	blaCMY_99.1_KF305673	blaLAT_1.1_X78117
bla-_7	blaCMY_1.1_X92508	blaCMY_10.1_AF373218	blaCMY_11.1_AF381626	blaCMY_19.1_AB194410	blaCMY_8.1_EF382672	blaCMY_8.2_DQ094251	blaCMY_9.1_AB061794	blaMOX_1.1_D13304	blaMOX_2.1_AJ276453	blaMOX_3.1_EU515248	blaMOX_4.1_FJ262599
bla-_8	blaACT_1.1_U58495	blaACT_10.1_JN848330	blaACT_2.1_AM076977	blaACT_3.1_EF125013	blaACT_4.2_AJ311172	blaACT_6.1_FJ237366	blaMIR_1.1_M37839	blaMIR_3.1_AY743435
blaA	blaA.2_AY954728
blaACC_-	blaACC_1.2_AM939420	blaACC_2.1_AF180952	blaACC_4.1_GU256641
blaACI_1	blaACI_1.1_AJ007350
blaACT_-	blaACT_14.1_JX440354	blaACT_15.1_JX440356	blaACT_5.1_FJ237369	blaACT_7.1_FJ237368
blaACT_12	blaACT_12.1_JX440355
blaACT_9	blaACT_9.1_HQ693810
blaADC_25	blaADC_25.1_EF016355
blaAER_1	blaAER_1.1_U14748
blaAST_1	blaAST_1.1_AF279904
blaBEL_-	blaBEL_1.1_DQ089809	blaBEL_2.1_FJ666063	blaBEL_3.1_GQ202694
blaBES_1	blaBES_1.1_AF234999
blaBIC_1	blaBIC_1.1_GQ260093
blaBKC_1	blaBKC_1.1_KP689347
blaBRO_-	blaBRO_1.1_Z54180	blaBRO_2.1_Z54181
blaB_-	blaB_11.1_AY348326	blaB_14.1_JN635697	blaB_2.1_AF189300	blaB_3.1_AF189301	blaB_3.2_AF189299
blaB_-_1	blaB_10.1_AY348325	blaB_5.1_AF189303	blaB_6.1_AF189302	blaB_7.1_AF189304	blaB_8.1_AF189305	blaB_9.1_AY348324
blaB_1-	blaB_12.1_EF595958	blaB_13.1_EF595959
blaCARB_-	blaCARB_1.1_AF313471	blaCARB_11.1_AY008290	blaCARB_12.1_D13210	blaCARB_2.1_M69058	blaCARB_3.1_S46063	blaCARB_6.1_AF030945
blaCARB_-_1	blaCARB_10.1_EU850412	blaCARB_5.1_AF135373	blaCARB_8.1_AY178993
blaCARB_-_2	blaCARB_7.1_AF409092	blaCARB_9.1_AY248038
blaCARB_4	blaCARB_4.1_U14749
blaCFE_1	blaCFE_1.1_AB107899
blaCGB_1	blaCGB_1.1_EF672680
blaCME_1	blaCME_1.1_AJ006275
blaCMY_98	blaCMY_98.1_KC603538
blaCTX_M_-	blaCTX_M_1.4_AJ416342	blaCTX_M_1.6_DQ915955	blaCTX_M_10.1_AY598759	blaCTX_M_101.1_HQ398214	blaCTX_M_103.1_HG423149	blaCTX_M_11.1_AJ310929	blaCTX_M_114.1_GQ351346	blaCTX_M_116.1_JF966749	blaCTX_M_117.1_JN227085	blaCTX_M_12.1_DQ821704	blaCTX_M_132.1_JX313020	blaCTX_M_136.1_KC351754	blaCTX_M_139.1_KC107824	blaCTX_M_142.1_KF240809	blaCTX_M_15.23_DQ302097	blaCTX_M_15.64_FJ815288	blaCTX_M_15.70_FJ815277	blaCTX_M_22.1_HM470254	blaCTX_M_22.3_EU376964	blaCTX_M_23.1_AF488377	blaCTX_M_28.6_AJ549244	blaCTX_M_29.1_AY267213	blaCTX_M_3.2_EF437434	blaCTX_M_3.8_EF382672	blaCTX_M_30.1_AY292654	blaCTX_M_32.2_AM420303	blaCTX_M_33.1_AY238472	blaCTX_M_34.1_AY515297	blaCTX_M_36.1_AB177384	blaCTX_M_37.2_FN813246	blaCTX_M_42.1_DQ061159	blaCTX_M_52.1_GU125667	blaCTX_M_53.1_DQ268764	blaCTX_M_54.1_DQ303459	blaCTX_M_55.2_GQ456159	blaCTX_M_58.1_EF210159	blaCTX_M_60.1_AM411407	blaCTX_M_61.1_EF219142	blaCTX_M_62.1_EF219134	blaCTX_M_66.1_EF576988	blaCTX_M_68.1_EU177100	blaCTX_M_69.1_EU402393	blaCTX_M_71.1_FJ815436	blaCTX_M_72.1_AY847148	blaCTX_M_79.1_GU125666	blaCTX_M_80.1_EU202673	blaCTX_M_82.1_DQ256091	blaCTX_M_88.1_FJ873739	blaCTX_M_89.1_FJ966096	blaCTX_M_96.1_AJ704396
blaCTX_M_-_1	blaCTX_M_100.1_FR682582	blaCTX_M_25.1_AF518567	blaCTX_M_26.1_AY455830	blaCTX_M_39.1_AY954516	blaCTX_M_41.1_DQ023162	blaCTX_M_78.1_AM982522	blaCTX_M_89.2_FJ971899	blaCTX_M_91.1_GQ870432	blaCTX_M_94.1_HM167760
blaCTX_M_-_2	blaCTX_M_102.1_HQ398215	blaCTX_M_104.1_HQ833652	blaCTX_M_105.1_HQ833651	blaCTX_M_111.1_JF274243	blaCTX_M_112.1_JF274246	blaCTX_M_113.1_JF274247	blaCTX_M_121.1_JN790862	blaCTX_M_125.1_JQ724542	blaCTX_M_126.1_AB703103	blaCTX_M_129.1_JX017364	blaCTX_M_13.2_AF252623	blaCTX_M_130.1_JX017365	blaCTX_M_134.1_JX896165	blaCTX_M_14.1_AF252622	blaCTX_M_14.5_AJ416341	blaCTX_M_147.1_KF513180	blaCTX_M_14b.1_DQ359215	blaCTX_M_14b.4_EU274579	blaCTX_M_16.1_AY029068	blaCTX_M_17.1_AY033516	blaCTX_M_17.2_AF454633	blaCTX_M_19.1_AF325134	blaCTX_M_21.1_AJ416346	blaCTX_M_24.1_EU921824	blaCTX_M_24.2_EF570050	blaCTX_M_24.8_EF374096	blaCTX_M_27.1_EU916273	blaCTX_M_38.1_AY822595	blaCTX_M_45.1_D89862	blaCTX_M_46.1_AY847147	blaCTX_M_47.1_AY847143	blaCTX_M_48.1_AY847144	blaCTX_M_49.1_AY847145	blaCTX_M_50.1_AY847146	blaCTX_M_51.1_DQ211987	blaCTX_M_65.11_FJ907380	blaCTX_M_65.2_GQ456158	blaCTX_M_67.1_EF581888	blaCTX_M_81.1_EU136031	blaCTX_M_83.1_FJ214366	blaCTX_M_84.1_FJ214367	blaCTX_M_85.1_FJ214368	blaCTX_M_86.1_FJ214369	blaCTX_M_87.1_EU545409	blaCTX_M_9.1_AF174129	blaCTX_M_9.7_AJ416345	blaCTX_M_90.1_FJ907381	blaCTX_M_93.1_HQ166709	blaCTX_M_98.1_HM755448	blaCTX_M_99.1_HM803271
blaCTX_M_-_3	blaCTX_M_123.1_JN790864	blaCTX_M_64.1_GQ456156
blaCTX_M_-_4	blaCTX_M_124.1_JQ429324	blaCTX_M_131.1_JN969893	blaCTX_M_2.1_EU622041	blaCTX_M_20.1_AJ416344	blaCTX_M_31.1_AJ567481	blaCTX_M_35.1_AB176534	blaCTX_M_4.1_Y14156	blaCTX_M_43.1_DQ102702	blaCTX_M_44.1_D37830	blaCTX_M_5.6_AF286192	blaCTX_M_5.8_AJ005045	blaCTX_M_56.1_EF374097	blaCTX_M_59.1_EU622856	blaCTX_M_6.1_AJ005044	blaCTX_M_76.1_AM982520	blaCTX_M_77.1_AM982521	blaCTX_M_92.1_GU127598	blaCTX_M_95.1_FN813245	blaCTX_M_97.1_HM776707
blaCTX_M_-_5	blaCTX_M_40.1_AY750914	blaCTX_M_63.1_EU660216	blaCTX_M_8.1_AF189721
blaDES_1	blaDES_1.1_AF426161
blaDIM_1	blaDIM_1.1_GU323019
blaEBR_1	blaEBR_1.1_AF416700
blaERP_1	blaERP_1.1_AY077733
blaFAR_1	blaFAR_1.1_AF024601
blaFOX_-	blaFOX_1.1_X77455	blaFOX_10.1_JX049131	blaFOX_2.1_Y10282	blaFOX_3.1_Y11068	blaFOX_4.1_AJ277535	blaFOX_5.1_AY007369	blaFOX_6.1_AY034848	blaFOX_7.1_AJ703796	blaFOX_8.1_HM565917	blaFOX_9.1_JF896803
blaFRI_1	blaFRI_1.1_KT192551
blaGES_-	blaGES_1.1_HQ170511	blaGES_10.1_FJ820124	blaGES_11.1_FJ854362	blaGES_12.1_FN554543	blaGES_13.1_GU169702	blaGES_14.1_GU207844	blaGES_15.1_GU208678	blaGES_16.1_HM173356	blaGES_17.1_HQ874631	blaGES_18.1_JQ028729	blaGES_19.1_JN596280	blaGES_2.1_AF326355	blaGES_20.1_JN596280	blaGES_21.1_JQ772478	blaGES_22.1_JX023441	blaGES_3.1_AB113580	blaGES_4.1_AB116723	blaGES_5.1_DQ236171	blaGES_6.1_AY494718	blaGES_7.1_HM453325	blaGES_8.1_AF329699	blaGES_9.1_AY920928
blaGIM_1	blaGIM_1.1_JF414726
blaGOB_-	blaGOB_1.1_EF394442	blaGOB_1.2_AF090141	blaGOB_10.1_AY647247	blaGOB_11.1_AY647248	blaGOB_12.1_AY647249	blaGOB_13.1_AY647251	blaGOB_14.1_AY647252	blaGOB_15.1_AY775547	blaGOB_18.1_DQ004496	blaGOB_8.1_AY348327	blaGOB_9.1_AY647246
blaGOB_1-	blaGOB_16.1_GU188443	blaGOB_16.2_AY899331	blaGOB_17.1_AY899332
blaHERA_-	blaHERA_1.1_AF311385	blaHERA_2.1_AF398334	blaHERA_3.1_AF398335	blaHERA_4.1_AJ536088	blaHERA_5.1_AJ536089	blaHERA_6.1_AJ536090	blaHERA_8.1_AJ536092
blaIMP_-	blaIMP_13.1_AJ512502	blaIMP_33.1_JN848782	blaIMP_37.1_JX131372
blaIMP_-_1	blaIMP_1.1_DQ522237	blaIMP_10.1_AB195637	blaIMP_15.1_EF184216	blaIMP_26.1_GU045307	blaIMP_28.1_JQ407409	blaIMP_3.1_AB010417	blaIMP_34.1_AB715422	blaIMP_38.1_HQ875573	blaIMP_4.1_AF244145	blaIMP_4.1_DQ307573	blaIMP_40.1_AB753457	blaIMP_42.1_AB753456	blaIMP_43.1_AB777500	blaIMP_5.1_JF810083	blaIMP_6.1_AB188812	blaIMP_7.1_AF318077
blaIMP_-_2	blaIMP_14.1_AY553332	blaIMP_18.1_EF184215	blaIMP_32.1_JQ002629
blaIMP_-_3	blaIMP_11.1_AB074436	blaIMP_16.1_AJ584652	blaIMP_19.1_EF118171	blaIMP_2.1_AJ243491	blaIMP_20.1_AB196988	blaIMP_22.2_DQ361087	blaIMP_24.1_EF192154	blaIMP_29.1_HQ438058	blaIMP_41.1_AB753458	blaIMP_44.1_AB777501	blaIMP_8.1_EU042136
blaIMP_-_4	blaIMP_25.1_HM175876	blaIMP_9.1_AY033653
blaIMP_12	blaIMP_12.3_AJ420864
blaIMP_27	blaIMP_27.1_JF894248
blaIMP_3-	blaIMP_31.1_KF148593	blaIMP_35.1_JF816544
blaIND_-	blaIND_11.1_HM245379	blaIND_12.1_HM245380	blaIND_15.1_AB563173	blaIND_2.2_AF219127	blaIND_2a.4_AF219130	blaIND_2b.3_EF672681	blaIND_2c.1_GU186042
blaIND_-_1	blaIND_1.1_AF099139	blaIND_7.1_AB529520
blaIND_-_2	blaIND_10.1_GU206353	blaIND_8.1_GU186044
blaIND_-_3	blaIND_14.1_HM367709	blaIND_3.1_AF219131
blaIND_4	blaIND_4.1_AF219135
blaIND_5	blaIND_5.1_AY504627
blaIND_6	blaIND_6.1_AM087455
blaIND_9	blaIND_9.1_GU186045
blaJOHN_1	blaJOHN_1.1_AY028464
blaKHM_1	blaKHM_1.1_AB364006
blaKPC_-	blaKPC_1.1_AF297554	blaKPC_10.1_GQ140348	blaKPC_11.1_HM066995	blaKPC_12.1_HQ342889	blaKPC_13.1_HQ342890	blaKPC_14.1_JX524191	blaKPC_15.1_KC433553	blaKPC_16.1_KC465199	blaKPC_2.1_AY034847	blaKPC_3.1_HM769262	blaKPC_4.1_FJ473382	blaKPC_5.1_EU400222	blaKPC_6.1_EU555534	blaKPC_7.1_EU729727	blaKPC_8.1_FJ234412
blaL1	blaL1.3_EF126059
blaLUT_1	blaLUT_1.1_AY695112
blaMIR_-	blaMIR_2.1_AY227752	blaMIR_4.1_EF417572	blaMIR_5.1_FJ237367	blaMIR_6.1_JQ664733
blaMOX_-	blaMOX_5.1_GQ152600	blaMOX_6.1_GQ152601	blaMOX_7.1_GQ152602
blaMUS_1	blaMUS_1.1_AF441286
blaNDM_-	blaNDM_1.1_FN396876	blaNDM_10.1_KF361506	blaNDM_12.1_AB926431	blaNDM_13.1_LC012596	blaNDM_2.1_JF703135	blaNDM_3.1_JQ734687	blaNDM_4.1_JQ348841	blaNDM_5.1_JN104597	blaNDM_6.1_JN967644	blaNDM_7.1_JX262694	blaNDM_8.1_AB744718	blaNDM_9.1_KC999080
blaOCH_-	blaOCH_2.1_AJ295340	blaOCH_3.1_AJ295341	blaOCH_4.1_AJ295342	blaOCH_5.1_AJ295343	blaOCH_6.1_AJ295344	blaOCH_7.1_AJ295345	blaOCH_8.1_DQ489307
blaOKP_-	blaOKP_A_1.1_AM051138	blaOKP_A_10.1_AM051149	blaOKP_A_11.1_AM850915	blaOKP_A_12.1_AM850915	blaOKP_A_13.1_FJ534513	blaOKP_A_14.1_FJ534512	blaOKP_A_15.1_FJ755841	blaOKP_A_16.1_FJ755840	blaOKP_A_2.1_AM051139	blaOKP_A_3.1_AM051140	blaOKP_A_4.1_AM051142	blaOKP_A_5.1_AM051143	blaOKP_A_6.1_AM051144	blaOKP_A_7.1_AM051145	blaOKP_A_8.1_AM051147	blaOKP_A_9.1_AM051148	blaOKP_B_1.1_AM051150	blaOKP_B_10.1_AM051160	blaOKP_B_11.1_AM051161	blaOKP_B_13.1_AY825330	blaOKP_B_15.1_AM850917	blaOKP_B_16.1_AM850918	blaOKP_B_17.1_AM850919	blaOKP_B_18.1_AM850920	blaOKP_B_19.1_AM850921	blaOKP_B_2.1_AM051151	blaOKP_B_20.1_AM850922	blaOKP_B_3.1_AM051152	blaOKP_B_4.1_AM051153	blaOKP_B_5.1_AY512506	blaOKP_B_6.1_AY850171	blaOKP_B_7.1_AM051156	blaOKP_B_8.1_AM051157	blaOKP_B_9.1_AM051159
blaOXA_-	blaOXA_55.1_AY343493	blaOXA_SHE.1_AY066004
blaOXA_-_1	blaOXA_164.1_GU831575	blaOXA_58.14_EU107364	blaOXA_58.1_AY665723	blaOXA_96.1_DQ519090	blaOXA_97.1_EF102240
blaOXA_-_10	blaOXA_211.1_JN861779	blaOXA_212.1_JN861780	blaOXA_309.1_HF947514	blaOXA_333.1_KF203107	blaOXA_334.1_KF203108
blaOXA_-_11	blaOXA_134.1_HQ122933	blaOXA_335.1_KF203109
blaOXA_-_12	blaOXA_213.1_JN861781	blaOXA_322.1_KF203096	blaOXA_323.1_KF203097	blaOXA_324.1_KF203098	blaOXA_325.1_KF203099	blaOXA_326.1_KF203100	blaOXA_327.1_KF203101	blaOXA_328.1_KF203102	blaOXA_329.1_KF203103	blaOXA_330.1_KF203104	blaOXA_331.1_KF203105	blaOXA_332.1_KF203106	blaOXA_348.1_KF297577	blaOXA_349.1_KF297578	blaOXA_350.1_KF297579	blaOXA_351.1_KF297580	blaOXA_352.1_KF297581	blaOXA_353.1_KF297582	blaOXA_354.1_KF297583	blaOXA_357.1_KF421160	blaOXA_358.1_KF421161	blaOXA_359.1_KF421162
blaOXA_-_13	blaOXA_136.1_EU086833	blaOXA_136.2_EU086832	blaOXA_137.1_EU086836	blaOXA_192.1_JF273470	blaOXA_63.1_AY619003
blaOXA_-_14	blaOXA_42.1_AJ488302	blaOXA_43.1_AJ488303	blaOXA_57.1_AJ631966	blaOXA_59.1_AJ632249
blaOXA_-_15	blaOXA_129.1_AM932669	blaOXA_5.1_X58272
blaOXA_-_16	blaOXA_10.1_HM175875	blaOXA_10.2_EU886981	blaOXA_101.1_AM412777	blaOXA_11.1_Z22590	blaOXA_13.1_AF043558	blaOXA_13.1_U59183	blaOXA_14.1_L38523	blaOXA_142.1_EU358785	blaOXA_145.1_FJ790516	blaOXA_147.1_FJ848783	blaOXA_16.1_AF043100	blaOXA_17.2_DQ902344	blaOXA_183.1_HQ111474	blaOXA_19.1_AF043381	blaOXA_240.1_JX089628	blaOXA_251.1_JN118546	blaOXA_256.1_HE616889	blaOXA_28.1_FJ374756	blaOXA_35.1_AF315786	blaOXA_56.1_AY660529	blaOXA_7.1_X75562	blaOXA_74.1_EU161636
blaOXA_-_17	blaOXA_118.1_AF371964	blaOXA_119.1_AY139598	blaOXA_205.1_JF800667	blaOXA_46.1_AJ969237
blaOXA_-_18	blaOXA_20.1_AF024602	blaOXA_37.1_AY007784
blaOXA_-_19	blaOXA_162.1_GU197550	blaOXA_163.1_HQ700343	blaOXA_181.1_HM992946	blaOXA_204.1_JQ809466	blaOXA_232.1_JX423831	blaOXA_244.1_JX438000	blaOXA_245.1_JX438001	blaOXA_247.1_JX893517	blaOXA_48.2_AY236073
blaOXA_-_2	blaOXA_1.1_J02967	blaOXA_224.1_JN596991	blaOXA_31.1_AF294653	blaOXA_320.1_KF151169	blaOXA_4.1_AY162283	blaOXA_47.1_AY237830
blaOXA_-_3	blaOXA_228.1_JQ422053	blaOXA_229.1_JQ422052	blaOXA_230.1_JQ422054	blaOXA_257.1_KC567681	blaOXA_355.1_KF297584	blaOXA_356.1_KF297585
blaOXA_-_4	blaOXA_235.1_JQ820240	blaOXA_236.1_JQ820242	blaOXA_237.1_JQ820241	blaOXA_278.1_KC771279	blaOXA_360.1_KF421163
blaOXA_-_5	blaOXA_139.1_AM991978	blaOXA_160.1_GU199038	blaOXA_207.1_JQ838185	blaOXA_24.1_AJ239129	blaOXA_25.1_AF201826	blaOXA_26.1_AF201827	blaOXA_72.1_GU199039
blaOXA_-_6	blaOXA_141.1_EF552405	blaOXA_144.1_FJ617207	blaOXA_15.1_U63835	blaOXA_161.1_GQ202693	blaOXA_2.1_DQ310703	blaOXA_2.1_GQ466184	blaOXA_2.2_AY444814	blaOXA_21.2_DQ993182	blaOXA_210.1_JF795487	blaOXA_3.1_L07945	blaOXA_32.1_AF315351
blaOXA_-_7	blaOXA_143.1_GQ861437	blaOXA_182.1_HM640278	blaOXA_231.1_JQ326200	blaOXA_253.1_KC479324	blaOXA_255.1_KC479325
blaOXA_-_8	blaOXA_100.1_AM231720	blaOXA_106.1_EF650032	blaOXA_107.1_EF650033	blaOXA_108.1_EF650034	blaOXA_109.1_EF650035	blaOXA_110.1_EF650036	blaOXA_111.1_EF650037	blaOXA_112.1_EF650038	blaOXA_113.1_EF653400	blaOXA_115.1_EU029998	blaOXA_117.1_GQ423625	blaOXA_120.1_HE963768	blaOXA_128.1_EU375515	blaOXA_130.1_EU547445	blaOXA_131.1_EU547446	blaOXA_132.1_EU547447	blaOXA_138.1_EU670845	blaOXA_144.2_FJ872530	blaOXA_148.1_GQ853679	blaOXA_149.1_GQ853680	blaOXA_150.1_GQ853681	blaOXA_172.1_HM113558	blaOXA_173.1_HM113559	blaOXA_174.1_HM113560	blaOXA_175.1_HM113561	blaOXA_176.1_HM113562	blaOXA_177.1_HM113563	blaOXA_178.1_HM113564	blaOXA_179.1_HM570035	blaOXA_180.1_HM570036	blaOXA_199.1_HQ637466	blaOXA_200.1_HQ734811	blaOXA_201.1_HQ734812	blaOXA_202.1_HQ734813	blaOXA_203.1_HQ998857	blaOXA_206.1_AB634250	blaOXA_208.1_FR853176	blaOXA_216.1_FR865168	blaOXA_217.1_JN603240	blaOXA_219.1_JN215211	blaOXA_223.1_JN248564	blaOXA_241.1_JX025021	blaOXA_242.1_JX025022	blaOXA_248.1_HE963769	blaOXA_249.1_HE963770	blaOXA_250.1_HE963771	blaOXA_254.1_AB781687	blaOXA_371.1_AB871653	blaOXA_51.11_EU255288	blaOXA_51.1_AJ309734	blaOXA_51.3_EU255296	blaOXA_51.4_EU255295	blaOXA_51.5_EU255294	blaOXA_51.6_EU255293	blaOXA_51.7_EU255292	blaOXA_51.8_EU255291	blaOXA_51.9_EU255290	blaOXA_64.1_AY750907	blaOXA_65.1_AY750908	blaOXA_66.4_FJ360530	blaOXA_67.1_DQ491200	blaOXA_68.1_AY750910	blaOXA_69.1_HM564339	blaOXA_70.1_AY750912	blaOXA_71.1_AY859528	blaOXA_75.1_AY859529	blaOXA_76.1_AY949203	blaOXA_77.1_AY949202	blaOXA_78.1_AY862132	blaOXA_79.1_EU019534	blaOXA_80.1_EU019535	blaOXA_82.1_GQ352402	blaOXA_82.2_EU019536	blaOXA_83.1_DQ309277	blaOXA_84.1_DQ309276	blaOXA_86.1_DQ149247	blaOXA_87.1_DQ348075	blaOXA_88.1_DQ392963	blaOXA_89.2_DQ445683	blaOXA_90.1_EU547443	blaOXA_91.1_DQ519086	blaOXA_92.1_DQ335566	blaOXA_93.1_DQ519087	blaOXA_94.1_DQ519088	blaOXA_95.1_DQ519089	blaOXA_98.1_AM279652	blaOXA_99.1_DQ888718
blaOXA_-_9	blaOXA_133.1_EU571228	blaOXA_146.1_FJ194460	blaOXA_165.1_HM488986	blaOXA_166.1_HM488987	blaOXA_167.1_HM488988	blaOXA_168.1_HM488989	blaOXA_169.1_HM488990	blaOXA_170.1_HM488991	blaOXA_171.1_HM488992	blaOXA_225.1_JN638887	blaOXA_23.1_HQ700358	blaOXA_239.1_JQ837239	blaOXA_27.1_AF201828	blaOXA_49.1_AY288523	blaOXA_73.1_AY762325
blaOXA_114	blaOXA_114.1_HM368376	blaOXA_114.2_HM368375	blaOXA_114.3_HM104634	blaOXA_114.4_HM104633	blaOXA_114.5_HM056041	blaOXA_114.6_HM056040
blaOXA_12	blaOXA_12.1_U10251
blaOXA_18	blaOXA_18.1_EU503121
blaOXA_198	blaOXA_198.1_HQ634775
blaOXA_209	blaOXA_209.1_JF268688
blaOXA_21-	blaOXA_214.1_JN861782	blaOXA_215.1_JN861783
blaOXA_22	blaOXA_22.1_AF064820
blaOXA_243	blaOXA_243.1_JX206446
blaOXA_258	blaOXA_258.1_HE614014
blaOXA_29	blaOXA_29.1_AJ400619
blaOXA_347	blaOXA_347.1_JN086160
blaOXA_372	blaOXA_372.1_KJ746496
blaOXA_436	blaOXA_436.1_KT959103
blaOXA_45	blaOXA_45.1_AJ519683
blaOXA_50	blaOXA_50.1_AY306135	blaOXA_50.2_AY306133	blaOXA_50.3_AY306130	blaOXA_50.3_AY306132
blaOXA_53	blaOXA_53.1_AY289608
blaOXA_54	blaOXA_54.1_AY500137
blaOXA_60	blaOXA_60.1_AY664506	blaOXA_60.2_AY664505	blaOXA_60.3_AY664504	blaOXA_60.4_AY662675
blaOXA_61	blaOXA_61.1_AY587956
blaOXA_62	blaOXA_62.1_AY423074
blaOXA_85	blaOXA_85.1_AY227054
blaOXA_9	blaOXA_9.2_JF703130
blaOXY_-	blaOXY_1_1.1_Z30177	blaOXY_1_2.2_AJ871864	blaOXY_1_3.3_AY077482	blaOXY_1_4.4_AY077483	blaOXY_1_6.6_Y17715	blaOXY_1_7.7_M27459	blaOXY_4_1.1_AY077481	blaOXY_5_1.1_AJ871868	blaOXY_5_2.2_AJ871871	blaOXY_6_1.1_AJ871873	blaOXY_6_2.2_AJ871875	blaOXY_6_3.3_AJ871876	blaOXY_6_4.4_AJ871877
blaOXY_2_-	blaOXY_2_1.1_AJ871866	blaOXY_2_10.10_FJ785626	blaOXY_2_2.2_AJ871867	blaOXY_2_3.3_AY077488	blaOXY_2_4.4_Y17714	blaOXY_2_5.5_AY077487	blaOXY_2_6.6_AY077485	blaOXY_2_7.7_Z49084	blaOXY_2_8.8_AY055205	blaOXY_2_9.9_FJ785625
blaOXY_3_1	blaOXY_3_1.1_AF491278
blaPAM_1	blaPAM_1.1_AB858498
blaPAO	blaPAO.1_AY083595	blaPAO.2_FJ666065	blaPAO.3_FJ666073	blaPAO.4_AY083592
blaPER_-	blaPER_1.1_GU944725	blaPER_3.1_AY740681	blaPER_4.1_EU748544	blaPER_7.1_HQ713678
blaPER_2	blaPER_2.1_X93314
blaPER_6	blaPER_6.1_GQ396303
blaPME_1	blaPME_1.1_HQ541434
blaRAHN_1	blaRAHN_1.1_GU645205	blaRAHN_1.2_AF338038
blaRAHN_2	blaRAHN_2.2_HM114350
blaROB_1	blaROB_1.1_DQ840517	blaROB_1.2_AF022114
blaSED1	blaSED1.1_AF321608
blaSFC_1	blaSFC_1.1_AY354402
blaSHV_-	blaSHV_1.10_EF035567	blaSHV_1.13_AF462396	blaSHV_1.15_FJ668804	blaSHV_1.16_FJ668800	blaSHV_1.4_GQ407127	blaSHV_100.1_AM941846	blaSHV_106.1_AM922307	blaSHV_107.1_AM922308	blaSHV_11.10_EF035557	blaSHV_11.13_DQ219476	blaSHV_11.14_DQ219474	blaSHV_11.15_DQ219473	blaSHV_11.2_HM751098	blaSHV_11.3_EF035563	blaSHV_11.6_GQ407130	blaSHV_11.8_GQ387358	blaSHV_110.1_HQ877615	blaSHV_122.1_HM751103	blaSHV_137.1_HQ661363	blaSHV_156.1_JX121123	blaSHV_16.1_AF072684	blaSHV_173.1_KF513178	blaSHV_27.1_AF293345	blaSHV_28.1_HM751101	blaSHV_28.2_EU441172	blaSHV_28.3_AF299299	blaSHV_43.1_AY065991	blaSHV_45.1_AF547625	blaSHV_5.3_GQ407139	blaSHV_5.5_S82452	blaSHV_51.1_AY289548	blaSHV_55.1_DQ054528	blaSHV_67.1_DQ174307	blaSHV_71.1_EF373974	blaSHV_74.1_AM176549	blaSHV_75.1_AM176550	blaSHV_81.1_AM176556	blaSHV_93.1_EF373969	blaSHV_99.1_AM941845
blaSIM_1	blaSIM_1.1_JF731030
blaSMB_1	blaSMB_1.1_AB636283
blaSME_-	blaSME_1.1_Z28968	blaSME_2.1_AF275256	blaSME_3.1_AY584237
blaSPM_1	blaSPM_1.1_AY341249
blaTEM_-	blaTEM_10.1_AF093512	blaTEM_101.1_AF495873	blaTEM_102.1_AY040093	blaTEM_104.1_AF516719	blaTEM_105.1_AF516720	blaTEM_106.1_AY101578	blaTEM_107.1_AY101764	blaTEM_108.1_AF506748	blaTEM_109.1_AY628175	blaTEM_11.1_AY874537	blaTEM_110.1_AY072920	blaTEM_111.1_AF468003	blaTEM_112.1_AY589493	blaTEM_113.1_AY589494	blaTEM_114.1_AY589495	blaTEM_115.1_AF535127	blaTEM_116.4_GU188444	blaTEM_116.7_AY425988	blaTEM_12.1_M88143	blaTEM_120.1_AY243512	blaTEM_121.1_AY307374	blaTEM_122.1_AY307100	blaTEM_123.1_AY327539	blaTEM_124.1_AY327540	blaTEM_125.1_AY628176	blaTEM_126.1_AY628199	blaTEM_127.1_AY368236	blaTEM_128.1_AY359287	blaTEM_129.1_AY452662	blaTEM_130.1_AJ866988	blaTEM_131.1_AY436361	blaTEM_132.1_AY491682	blaTEM_133.1_AY528425	blaTEM_134.1_AY574271	blaTEM_135.1_GQ896333	blaTEM_136.1_AY826417	blaTEM_137.1_AM286274	blaTEM_138.1_AY853593	blaTEM_139.1_DQ072853	blaTEM_141.1_AY956335	blaTEM_142.1_DQ388882	blaTEM_143.1_DQ075245	blaTEM_144.1_DQ256080	blaTEM_145.1_DQ105528	blaTEM_146.1_DQ105529	blaTEM_147.1_DQ279850	blaTEM_148.1_AM087454	blaTEM_149.1_DQ369751	blaTEM_15.1_AM849805	blaTEM_150.1_AM183304	blaTEM_151.1_DQ834729	blaTEM_152.1_DQ834728	blaTEM_153.1_KC149518	blaTEM_154.1_FJ807656	blaTEM_155.1_DQ679961	blaTEM_156.1_AM941159	blaTEM_157.1_DQ909059	blaTEM_158.1_EF534736	blaTEM_159.1_EF136376	blaTEM_16.1_X65254	blaTEM_160.1_EF136377	blaTEM_162.1_EF468463	blaTEM_163.1_EU815939	blaTEM_164.1_EU274580	blaTEM_166.1_FJ197316	blaTEM_167.1_FJ360884	blaTEM_168.1_FJ919776	blaTEM_17.1_Y14574	blaTEM_171.1_GQ149347	blaTEM_176.1_GU550123	blaTEM_177.1_FN652295	blaTEM_178.1_X97254	blaTEM_182.1_HQ317449	blaTEM_183.1_HQ529916	blaTEM_184.1_FR848831	blaTEM_185.1_JF795538	blaTEM_186.1_JN227084	blaTEM_187.1_HM246246	blaTEM_188.1_JN211012	blaTEM_189.1_JN254627	blaTEM_190.1_JN416112	blaTEM_193.1_JN935135	blaTEM_194.1_JN935136	blaTEM_195.1_JN935137	blaTEM_197.1_HQ877606	blaTEM_198.1_AB700703	blaTEM_1A.4_HM749966	blaTEM_1B.1_JF910132	blaTEM_1C.5_FJ560503	blaTEM_1D.83_AF188200	blaTEM_2.1_X54606	blaTEM_2.3_AJ251946	blaTEM_20.1_EU527189	blaTEM_201.1_JX310327	blaTEM_206.1_KC783461	blaTEM_207.1_KC818234	blaTEM_208.1_KC865667	blaTEM_209.1_KF240808	blaTEM_211.1_KF513179	blaTEM_24.1_GQ293500	blaTEM_28.1_ECU37195	blaTEM_29.1_DQ269440	blaTEM_3.1_X64523	blaTEM_30.1_AJ437107	blaTEM_33.1_GU371926	blaTEM_34.1_KC292503	blaTEM_43.1_KPU95363	blaTEM_45.1_X95401	blaTEM_47.1_Y10279	blaTEM_48.1_Y10280	blaTEM_49.1_Y10281	blaTEM_52B.1_AF027199	blaTEM_52C.2_EF141186	blaTEM_53.1_AF104441	blaTEM_54.1_AF104442	blaTEM_55.1_DQ286729	blaTEM_57.1_FJ405211	blaTEM_6.1_X57972	blaTEM_60.1_AF047171	blaTEM_63.1_AF332513	blaTEM_67.1_AF091113	blaTEM_68.1_AJ239002	blaTEM_70.1_AF188199	blaTEM_71.1_AF203816	blaTEM_72.1_AF157553	blaTEM_76.1_AF190694	blaTEM_77.1_AF190695	blaTEM_78.1_AF190693	blaTEM_79.1_AF190692	blaTEM_8.1_X65252	blaTEM_80.1_AF347054	blaTEM_81.1_AF427127	blaTEM_82.1_AF427128	blaTEM_83.1_AF427129	blaTEM_84.1_AF427130	blaTEM_85.1_AJ277414	blaTEM_86.1_AJ277415	blaTEM_87.1_AF250872	blaTEM_88.1_AY027590	blaTEM_90.1_AF351241	blaTEM_91.1_AB049569	blaTEM_92.1_AF143804	blaTEM_93.1_AJ318093	blaTEM_94.1_AJ318094	blaTEM_95.1_AJ308558	blaTEM_96.1_AY092401	blaTEM_97.1_AF397067	blaTEM_98.1_AF397068	blaTEM_99.1_AF397066
blaTLA_1	blaTLA_1.1_AF148067
blaTMB_-	blaTMB_1.1_FR771847	blaTMB_2.1_AB758277
blaTRU	blaTRU.1_EU046614
blaTUS_1	blaTUS_1.1_AF441287
blaVCC_1	blaVCC_1.1_KT818596
blaVEB_-	blaVEB_1.1_HM370393	blaVEB_1.3_DQ393569	blaVEB_1.4_AF324834	blaVEB_2.1_AY027870	blaVEB_3.1_AY536519	blaVEB_4.1_EF136375	blaVEB_5.1_EF420108	blaVEB_6.1_EU259884	blaVEB_7.1_FJ825622	blaVEB_8.1_JX679208
blaVIM_-	blaVIM_1.1_Y18050	blaVIM_10.1_AY524989	blaVIM_11.1_AY605049	blaVIM_12.1_DQ143913	blaVIM_13.1_DQ365886	blaVIM_14.1_FJ445404	blaVIM_15.1_EU419745	blaVIM_16.1_EU419746	blaVIM_17.1_EU118148	blaVIM_18.1_AM778091	blaVIM_19.1_FJ499397	blaVIM_2.1_AF302086	blaVIM_20.1_GQ414736	blaVIM_23.1_GQ242167	blaVIM_24.1_HM855205	blaVIM_25.1_HM750249	blaVIM_26.1_FR748153	blaVIM_27.1_HQ858608	blaVIM_28.1_JF900599	blaVIM_29.1_JX311308	blaVIM_3.1_AF300454	blaVIM_30.1_JN129451	blaVIM_31.1_JN982330	blaVIM_32.1_JN676230	blaVIM_33.1_JX258134	blaVIM_34.1_JX013656	blaVIM_35.1_JX982634	blaVIM_36.1_JX982635	blaVIM_37.1_JX982636	blaVIM_38.1_KC469971	blaVIM_4.1_EU581706	blaVIM_5.1_DQ023222	blaVIM_6.1_AY165025	blaVIM_8.1_AY524987	blaVIM_9.1_AY524988
blaVIM_7	blaVIM_7.1_AJ536835
blaZ	blaZ.32_AP004832	blaZ.34_AP003139	blaZ.35_AJ302698	blaZ.36_AJ400722
car_A_	car_A_.1_M80346
cat	cat.4_AY238971
cat-	cat.5_U35036	cat_pC233_.1_AY355285
cat86	cat86.1_K00544
catA1	catA1.1_V00622
catA2	catA2.1_X53796
catA3	catA3.1_X07848
catB	catB.1_M93113
catB1	catB1.1_M58472
catB10	catB10.1_AJ878850
catB2	catB2.1_AF047479
catB3	catB3.1_AJ009818
catB7	catB7.1_AF036933
catB8	catB8.1_AF227506
catB9	catB9.1_AF462019
catP	catP.1_U15027
catQ	catQ.1_M55620
cat_1	cat.1_M11587
cat_2	cat.3_S48276
cat_3	cat.2_M35190
cat_pC194_	cat_pC194_.1_NC_002013
cat_pC221_	cat_pC221_.1_X02529
cepA-	cepA.1_L13472	cepA.1_U05887	cepA.6_FR688022	cepA_29.1_U05884	cepA_44.1_U05885	cepA_49.1_U05886
cfiA-	cfiA1.1_AB087225	cfiA10.1_AB087227	cfiA13.1_FM200787	cfiA14.1_FM200789	cfiA2.1_AB087226	cfiA3.1_AB087228	cfiA4.1_AB087229	cfiA6.1_AB087231	cfiA8.1_AB087233	cfiA9.1_AB087234
cfr	cfr.1_AM408573	cfr.1_AM408573_2	cfr.1_AM408573_3	cfr.2_AJ879565	cfr.2_AJ879565_2	cfr.2_AJ879565_3
cfxA-	cfxA.1_U38243	cfxA2.1_AF504914	cfxA3.1_AF472622	cfxA4.1_AY769933	cfxA5.1_AY769934
cfxA6	cfxA6.1_GQ342996
cml-	cml.1_M22614	cmlA1.1_M64556	cmlA1.2_AB212941
cmlV	cmlV.1_U09991
cmrA	cmrA.1_Z12001
cmx	cmx.1_U85507
cphA1+	blaCEPH_A3.1_AY112998	cphA1.1_AY261379	cphA1.2_AY261377	cphA1.3_AY261378	cphA1.4_AY261376	cphA1.7_X57102	cphA2.6_AHU60294	cphA4.1_AY227050	cphA5.1_AY227051	cphA6.1_AY227052	cphA7.1_AY227053	cphA8.1_AY261375	imiH.1_AJ548797	imiS.1_Y10415
ddlA2_Sc	ddlA2_Sc.2_AL939117
dfrA-	dfrA17.1_FJ460238	dfrA7.1_AJ419170	dfrA7.1_JF806498
dfrA-_1	dfrA13.1_Z50802	dfrA21.1_AM932669	dfrA22.1_HM173356	dfrA33.1_FM957884
dfrA-_2	dfrA30.1_AM997279	dfrA5.1_X12868
dfrA-_3	dfrA31.1_AB200915	dfrA6.1_Z86002
dfrA1	dfrA1.1_X00926	dfrA1.25_AJ844287	dfrA1.2_AJ419168	dfrA1.30_JQ690541	dfrA1.5_AJ238350
dfrA10	dfrA10.1_L06418
dfrA12	dfrA12.1_AB571791
dfrA14	dfrA14.1_DQ388123	dfrA14.1_Z50805
dfrA15-	dfrA15.1_HM449019	dfrA15b.1_AJ867237
dfrA16	dfrA16.1_AF077008	dfrA16.1_DQ316603
dfrA18	dfrA18.1_AJ310778
dfrA2-	dfrA27.1_FJ459817	dfrA28.2_FM877476
dfrA20	dfrA20.1_AJ605332
dfrA23	dfrA23.1_AJ746361
dfrA24	dfrA24.1_AJ972619
dfrA25	dfrA25.1_DQ267940
dfrA26	dfrA26.1_AM403715
dfrA29	dfrA29.1_AM237806
dfrA3	dfrA3.1_J03306
dfrA32	dfrA32.1_GU067642
dfrA3b	dfrA3b.1_AY878717
dfrA8	dfrA8.1_U10186
dfrA9	dfrA9.1_X57730
dfrB-	dfrB1.2_U36276	dfrB5.1_AY943084	dfrB6.1_DQ274503	dfrB8.1_GU295656
dfrB2	dfrB2.1_DQ839391
dfrB3	dfrB3.1_FM877478	dfrB3.1_X72585
dfrB4	dfrB4.1_FM877484
dfrB7	dfrB7.1_DQ993182
dfrD	dfrD.1_Z50141
dfrG	dfrG.1_AB205645
dfrK	dfrK.1_FN377602	dfrK.4_FN677369	dfrK.8_FN812951
ere_A_	ere_A_.2_AF099140	ere_A_.3_AF326209	ere_A_.4_AF512546
ere_B_	ere_B_.2_X03988
erm_30_	erm_30_.1_AF079138
erm_31_	erm_31_.1_AF079138
erm_32_	erm_32_.1_AJ009971
erm_33_	erm_33_.2_AJ579365
erm_34_	erm_34_.1_AY234334
erm_35_	erm_35_.1_AF319779
erm_36_	erm_36_.1_AF462611
erm_38_	erm_38_.1_AY154657
erm_39_	erm_39_.1_AY487229
erm_40_	erm_40_.1_AY570506
erm_41_	erm_41_.1_EU177504
erm_42_	erm_42_.1_FR734406	erm_42_.2_AB601890
erm_A_	erm_A_.1_X03216
erm_A__1	erm_A_.2_AF002716
erm_B_	erm_B_.10_U86375	erm_B_.11_M19270	erm_B_.12_U18931	erm_B_.15_U48430	erm_B_.18_X66468	erm_B_.1_JN899585	erm_B_.20_AF109075	erm_B_.21_U35228	erm_B_.2_K00551	erm_B_.6_AF242872	erm_B_.9_AF299292
erm_C_	erm_C_.10_Y09002	erm_C_.12_Y09003	erm_C_.13_M13761	erm_C_.14_M12730	erm_C_.15_U82607	erm_C_.16_AF019140	erm_C_.1_V01278	erm_C_.2_M19652	erm_C_.3_M17990	erm_C_.9_Y09001
erm_D_	erm_D_.1_M29832	erm_D_.2_L08389	erm_D_.3_M77505
erm_E_	erm_E_.1_X51891
erm_E__1	erm_E_.2_M11200
erm_F_	erm_F_.2_M17124	erm_F_.3_M17808	erm_F_.4_M62487
erm_G_	erm_G_.1_M15332	erm_G_.2_L42817
erm_H_	erm_H_.1_M16503
erm_N_	erm_N_.1_X97721
erm_O_	erm_O_.1_M74717
erm_O__1	erm_O_.2_AJ223970
erm_Q_	erm_Q_.1_L22689
erm_R_	erm_R_.2_AY623658
erm_S_	erm_S_.1_M19269
erm_T_	erm_T_.4_AJ488494
erm_T__1	erm_T_.1_M64090	erm_T_.2_AY894138	erm_T_.3_AF310974
erm_W_	erm_W_.1_D14532
erm_X_	erm_X_.1_M36726	erm_X_.2_X51472	erm_X_.3_U21300	erm_X_.4_NC_005206
erm_Y_	erm_Y_.1_AB014481
erm_Z_	erm_Z_.1_AM709783
fexA	fexA.1_AJ549214
floR	floR.1_AF071555	floR.2_AF118107
fosA	fosA.13_EU487198	fosA.15_CP002889	fosA.16_M85195	fosA.5_NZ_AEXB01000013
fosA_1	fosA.12_AY692231
fosA_2	fosA.11_DQ396803
fosA_3	fosA.8_ACHE01000077
fosA_4	fosA.10_EU195449	fosA.3_NZ_ACWO01000079	fosA.7_NZ_AFBO01000747	fosA.9_NZ_ACZD01000244
fosA_5	fosA.2_AGDM01000012
fosA_6	fosA.14_AB522970
fosA_7	fosA.1_NZ_ACWU01000146
fosA_8	fosA.6_NZ_DS999363
fosA_9	fosA.4_NZ_AFHW01000027
fosB	fosB.1_X54227	fosB.2_X89875	fosB.3_HQ219726
fosC	fosC.2_Z33413
fosC_1	fosC.1_AB522969
fusB	fusB.1_AM292600	fusB.3_JF777505
hugA	hugA.1_AF324468
lmr_A_	lmr_A_.1_X59926
lmr_B_	lmr_B_.1_X62867
lnu_A_	lnu_A_.1_M14039
lnu_B_	lnu_B_.1_AJ238249
lnu_C_	lnu_C_.1_AY928180
lnu_D_	lnu_D_.1_EF452177
lnu_F_	lnu_F_.1_EU118119	lnu_F_.2_DQ836009	lnu_F_.3_AJ561197
lsa_A_	lsa_A_.1_AY225127	lsa_A_.2_AY58982	lsa_A_.3_AY737526
lsa_B_	lsa_B_.1_AJ579365
lsa_C_	lsa_C_.1_HM990671
mcr_1	mcr_1.1_KP347127	mcr_1.2.1_KX236309
mcr_2	mcr_2.1_LT598652
mecA	mecA.10_AB512767	mecA.14_AB505630	mecA.15_AB505628	mecA.4_AB033763	mecA.7_BA000018
mecA_1	mecA.2_FR823292	mecA.6_FR821779
mef_A_	mef_A_.10_AF376746
mef_A__1	mef_A_.3_AF227521
mef_B_	mef_B_.1_FJ196385
mph_A_	mph_A_.1_D16251	mph_A_.2_U36578
mph_B_	mph_B_.1_D85892
mph_C_	mph_C_.1_AB013298	mph_C_.2_AF167161
mph_E_	mph_E_.3_EU294228
msr_A_	msr_A_.1_X52085	msr_A_.2_AB013298	msr_A_.3_M81802
msr_C_	msr_C_.1_AY004350	msr_C_.2_AF313494
msr_D_	msr_D_.2_AF274302	msr_D_.3_AF227520
msr_E_	msr_E_.4_EU294228
nimA	nimA.1_X71444
nimB	nimB.1_X71443
nimC	nimC.1_X76948
nimD	nimD.1_X76949
nimJ	nimJ.1_NZ_JH815495
norA	norA.1_M97169
npmA	npmA.1_AB261016
ole_B_	ole_B_.1_L36601
ole_C_	ole_C_.1_L06249
optrA	optrA.10_KT862776	optrA.10_KT862776_2	optrA.11_KT862782	optrA.11_KT862782_2	optrA.12_KT862785	optrA.12_KT862785_2	optrA.13_KT892063	optrA.13_KT892063_2	optrA.14_KT601170	optrA.14_KT601170_2	optrA.1_KP399637	optrA.1_KP399637_2	optrA.1_KP399637_3	optrA.2_KT862781	optrA.2_KT862781_2	optrA.3_KT862780	optrA.3_KT862780_2	optrA.4_KT862777	optrA.4_KT862777_2	optrA.5_KT862783	optrA.5_KT862783_2	optrA.6_KT862779	optrA.6_KT862779_2	optrA.7_KT862784	optrA.7_KT862784_2	optrA.8_KT862775	optrA.8_KT862775_2	optrA.9_KT862778	optrA.9_KT862778_2
oqxA	oqxA.1_EU370913
oqxB	oqxB.1_EU370913
ort_B_	ort_B_.1_AF079900	ort_B_.2_AF061335
otr_A_	otr_A_.1_X53401
otr_C_	otr_C_.1_AY509111
penA	penA.1_AF515059
pexA	pexA.1_HM537013
qepA-	qepA.1_AB263754	qepA2.1_EU847537
rmtA	rmtA.1_AB120321
rmtB-	rmtB.1_AB103506	rmtB2.1_JN968578
rmtC	rmtC.1_AB194779
rmtD-	rmtD.1_DQ914960	rmtD2.1_HQ401565
rmtE	rmtE.1_GU201947
rmtG	rmtG.1_KJ004567
rmtH	rmtH.1_KC544262
rmtf	rmtf.1_JQ808129
spc	spc.1_X02588
srm_B_	srm_B_.1_X63451
str	str.1_X92946	str.2_FN435330
strA	strA.1_M96392	strA.2_M28829	strA.3_AF024602	strA.4_AF321551	strA.5_AF321550
strB	strB.1_M96392	strB.3_AF024602
sul-	sul1.10_DQ143913	sul1.11_DQ914960	sul1.14_AJ517791	sul1.15_EF667294	sul1.17_AM746675	sul1.18_AY260546	sul1.19_DQ125241	sul1.1_AY224185	sul1.20_JF262165	sul1.21_AJ971344	sul1.22_AY115475	sul1.23_AJ621187	sul1.24_EU117158	sul1.25_AY878717	sul1.26_AY524415	sul1.27_GU562437	sul1.28_JN790946	sul1.29_AJ746361	sul1.2_CP002151	sul1.30_JF262178	sul1.31_AM040449	sul1.32_EF592571	sul1.33_AJ564903	sul1.3_EU855787	sul1.5_EU780013	sul1.7_FJ715937	sul1.8_JN581942	sul1.9_AY963803	sul3.3_AY047357	sul3.6_AB281183
sul2	sul2.10_AM183225	sul2.11_AY232670	sul2.12_AF497970	sul2.13_AJ289135	sul2.14_AJ514834	sul2.15_FJ968160	sul2.17_U57647	sul2.18_AJ830714	sul2.19_AJ319822	sul2.1_AF542061	sul2.20_AJ830710	sul2.2_GQ421466	sul2.3_HQ840942	sul2.5_AY524415	sul2.6_FN995456	sul2.7_HM486907	sul2.8_AJ877041	sul2.9_FJ197818
sul3	sul3.2_AJ459418
tcr	tcr.1_D38215
tetA_P_	tetA_P_.1_AB054980	tetA_P_.3_L20800	tetA_P_.4_AB001076
tetB_P_	tetB_P_.3_NC_010937
tet_30_	tet_30_.1_AF090987
tet_31_	tet_31_.1_GQ283908	tet_31_.2_AJ250203
tet_32_	tet_32_.1_EU722333	tet_32_.2_EF626943
tet_33_	tet_33_.2_AY255627	tet_33_.3_DQ390458
tet_34_	tet_34_.1_AB061440
tet_35_	tet_35_.1_AF353562
tet_36_	tet_36_.1_AJ514254
tet_37_	tet_37_.1_AF540889
tet_39_	tet_39_.1_KT346360
tet_40_	tet_40_.1_FJ158002	tet_40_.2_FJ158002	tet_40_.3_AM419751
tet_41_	tet_41_.1_AY264780
tet_42_	tet_42_.1_EU523697
tet_43_	tet_43_.1_GQ244501
tet_44_	tet_44_.1_NZ_ABDU01000081	tet_44_.2_FN594949
tet_A_	tet_A_.2_X00006	tet_A_.3_AY196695	tet_A_.4_AJ517790	tet_A_.5_AJ419171	tet_A_.6_AJ313332
tet_B_	tet_B_.3_AP000342	tet_B_.4_AF326777	tet_B_.5_AJ277653
tet_C_	tet_C_.2_NC_003123	tet_C_.5_NC_003213	tet_C_.9_AY046276
tet_D_	tet_D_.1_AF467077	tet_D_.5_X65876
tet_E_	tet_E_.3_L06940	tet_E_.5_CP000645
tet_G_	tet_G_.2_AF133139	tet_G_.3_S52437	tet_G_.4_AF133140	tet_G_.5_AF071555
tet_H_	tet_H_.1_Y16103	tet_H_.2_AJ245947	tet_H_.3_Y15510	tet_H_.4_U00792
tet_J_	tet_J_.1_ACLE01000065	tet_J_.2_AF038993
tet_K_	tet_K_.4_U38428	tet_K_.5_J01764
tet_L_	tet_L_.1_HM235948
tet_L__1	tet_L_.2_M29725	tet_L_.4_M11036	tet_L_.5_D00006	tet_L_.8_X60828	tet_L_.9_AY081910
tet_L__2	tet_L_.6_X08034	tet_L_.7_D12567
tet_M_	tet_M_.10_EU182585	tet_M_.11_JN846696	tet_M_.12_FR671418	tet_M_.13_AM990992	tet_M_.1_X92947	tet_M_.2_X90939	tet_M_.3_U08812	tet_M_.4_X75073	tet_M_.5_U58985	tet_M_.6_M21136	tet_M_.7_FN433596	tet_M_.8_X04388	tet_M_.9_X56353
tet_O_	tet_O_.1_M18896	tet_O_.2_M20925	tet_O_.3_Y07780
tet_Q_	tet_Q_.1_L33696	tet_Q_.2_X58717	tet_Q_.3_U73497	tet_Q_.4_Z21523
tet_S_	tet_S_.1_DQ377340	tet_S_.2_L09756	tet_S_.3_X92946
tet_T_	tet_T_.1_L42544	tet_T_.2_AY660530
tet_U_	tet_U_.1_U01917
tet_V_	tet_V_.1_AF030344
tet_W_	tet_W_.1_DQ060146	tet_W_.2_AY049983	tet_W_.4_AJ427422	tet_W_.5_AJ427421	tet_W_.6_FN396364
tet_X_	tet_X_.3_AB097942
tet_X__1	tet_X_.1_GU014535	tet_X_.2_M37699
tet_Y_	tet_Y_.1_EF495198	tet_Y_.5_AB089606
tet_Z_	tet_Z_.2_AF121000
tlr_C_	tlr_C_.1_M57437
vat_A_	vat_A_.1_L07778
vat_B_	vat_B_.1_U19459
vat_C_	vat_C_.1_AF015628
vat_D_	vat_D_.1_L12033
vat_E_	vat_E_.10_AY043212	vat_E_.11_AY043213	vat_E_.3_AF153312	vat_E_.5_AJ488494	vat_E_.7_AY043211	vat_E_.8_AY043209	vat_E_.9_AY043210
vat_F_	vat_F_.1_AF170730
vga_A_-	vga_A_.1_M90056	vga_A_.2_FN546261	vga_A_LC.1_GQ891882
vga_B_	vga_B_.1_U82085
vga_C_	vga_C_.1_GQ205627
vga_C__1	vga_C_.2_NC_013034
vga_E_	vga_E_.1_FR772051
vgb_A_	vgb_A_.1_M20129
vgb_B_	vgb_B_.1_AF015628
